{
	"401":"未授权",
	"404":"您所访问的请求正行踪成谜~",
	"500":"服务器崩溃了",
	"200":"哇哦，太棒了~请求成功",
	"9001":"很遗憾，未授权哦~赶紧联系开发小当家吧~",
	"9002":"哇哦，太棒了~授权成功了",
	"9003":"哇哦，太棒了~新增成功了",
	"9004":"哇哦，太棒了~修改成功了",
	"9005":"这条数据已经行踪成谜哦~",
	"9006":"哇哦，太棒了~删除成功了",
	"9007":"哇哦，太棒了~图片上传成功了",
	"9008":"",
	"9009":"",
	"9010":""
}